Model,Window,N,MAE,RMSE,Bias,Corr,MeanAbsRev,HitRate1,HitRate2,GroupType,LeadDays
BLEND,1-5d,3342,0.6110854845697822,0.883942303464855,-0.01460423823304497,0.9955355398814149,0.36090628281678117,81.65769000598443,95.87073608617594,Window,
ECE,1-5d,3342,1.0227454937163376,1.2398628193503107,-0.4274259724715739,0.9951945031160373,0.37380978426010336,53.74027528426092,92.57929383602634,Window,
EQUAL,1-5d,3342,0.8539738958707366,1.0873345557601293,-0.5987084380610421,0.9948778071481252,0.4048773422465309,67.59425493716338,93.92579293836026,Window,
GEFS,1-5d,3342,0.9077528306403352,1.1995588197774734,-0.5737311789347695,0.9931327452759068,0.4861127316924947,64.30281268701377,91.41232794733692,Window,
GFS,1-5d,3342,1.1959422262118493,1.5444996968837024,-0.7949681627767803,0.9900467809803379,0.6164670312974779,52.00478755236385,82.2262118491921,Window,
INV_MSE,1-5d,3342,0.8377869720321176,1.0576911998936156,-0.570857908365029,0.9951790678665524,0.38659811129189514,68.97067624177139,94.52423698384202,Window,
WEIGHTED_BC,1-5d,3342,0.6173885730531216,0.8906107817342188,-0.005635145654639718,0.995547365475507,0.37134108800027915,81.53800119688809,95.90065828845002,Window,
WEIGHTED_BC_SEASONAL,1-5d,3342,0.6110854845697822,0.883942303464855,-0.01460423823304497,0.9955355398814149,0.36090628281678117,81.65769000598443,95.87073608617594,Window,
BLEND,6-10d,3272,1.445996484517959,2.1961074124957856,-0.2745502244378364,0.9704666164199293,0.7003425704159111,54.09535452322738,76.98655256723717,Window,
ECE,6-10d,3272,1.6277107396088022,2.26748571965538,-0.42674495721271394,0.9708349422474722,0.7611951219512197,41.4119804400978,73.50244498777506,Window,
EQUAL,6-10d,3272,1.5967866768541157,2.361484623415897,-0.534034280766097,0.9670362884279884,0.8841168438607463,48.4718826405868,74.29706601466992,Window,
GEFS,6-10d,3272,1.6969965953545232,2.5170508243623098,-0.47418994498777506,0.9620438286856396,0.8670225140712946,46.54645476772616,72.12713936430319,Window,
GFS,6-10d,3272,2.1202041075794624,3.067568774774757,-0.7011679400977996,0.9438008331317087,1.8598302063789867,36.7359413202934,62.80562347188264,Window,
INV_MSE,6-10d,3272,1.550726579503161,2.298339702961947,-0.5046306624341964,0.9686760262070843,0.7675758931605308,50.0,75.21393643031786,Window,
WEIGHTED_BC,6-10d,3272,1.4705429036170103,2.204691834503887,-0.23536752560203897,0.9702374079844392,0.7029913633256113,52.475550122249395,76.98655256723717,Window,
WEIGHTED_BC_SEASONAL,6-10d,3272,1.445996484517959,2.1961074124957856,-0.2745502244378364,0.9704666164199293,0.7003425704159111,54.09535452322738,76.98655256723717,Window,
BLEND,11-15d,2219,2.1320839684608353,3.226759492493465,-0.29251337988286275,0.9319461874740885,0.7190707494164413,42.000901306895,65.4799459215863,Window,
ECE,11-15d,2072,2.2214546525096526,3.252783989439798,-0.3641220463320463,0.9335511079423069,0.7813209435310936,38.27220077220077,64.1891891891892,Window,
EQUAL,11-15d,2219,2.2332553687847376,3.3905246913241025,-0.4692727429773179,0.9253793048622413,1.0680045336787563,40.96439837764759,64.12798557908968,Window,
GEFS,11-15d,2219,2.276448846327175,3.368413159384276,-0.3257537404236142,0.9262996200851897,0.8721683937823835,38.170347003154575,61.78458765209554,Window,
GFS,11-15d,2219,2.9618106579540333,4.449574188569813,-0.7419020054078415,0.8673481453212968,2.534926813471502,30.32897701667418,53.13204146011717,Window,
INV_MSE,11-15d,2219,2.18256179521787,3.295186935503296,-0.42345917579875014,0.9293331168416186,0.8864236901503992,41.505182514646236,64.71383506083822,Window,
WEIGHTED_BC,11-15d,2219,2.1494253318103897,3.2169944338468976,-0.28169093498682213,0.9317457746718076,0.7509215713573865,41.46011716989635,64.84903109508787,Window,
WEIGHTED_BC_SEASONAL,11-15d,2219,2.1320839684608353,3.226759492493465,-0.29251337988286275,0.9319461874740885,0.7190707494164413,42.000901306895,65.4799459215863,Window,
GFS,,670,1.0656613731343283,1.2891320983871049,-0.8471279402985076,0.9951091463955063,0.2821045454545454,53.28358208955224,88.05970149253731,Lead,1.0
GFS,,669,1.1382329147982062,1.4067095680103405,-0.8569853811659193,0.9935446736217777,0.3880409711684371,52.91479820627802,84.90284005979073,Lead,2.0
GFS,,668,1.1890712874251497,1.5085227879713128,-0.8315006287425151,0.9912341328701418,0.5693566009104704,51.34730538922155,82.63473053892216,Lead,3.0
GFS,,668,1.2261742215568863,1.6136474951844253,-0.7631464371257485,0.98847534118606,0.7998543247344461,52.09580838323353,79.79041916167665,Lead,4.0
GFS,,667,1.3612953223388304,1.8470287512186934,-0.6756528035982008,0.9820989345763542,1.0467507645259937,50.37481259370315,75.71214392803599,Lead,5.0
GFS,,662,1.5939451359516614,2.2517408714911684,-0.6226618126888218,0.9707141998439208,1.2844070660522273,45.468277945619334,72.20543806646525,Lead,6.0
GFS,,658,1.767221489361702,2.5493148766822737,-0.6609445592705168,0.9621752754774877,1.6460978260869565,41.03343465045592,69.14893617021278,Lead,7.0
GFS,,653,2.1784804594180702,3.0789335121223114,-0.70466067381317,0.9434675413476303,1.8842150706436418,33.996937212863706,60.79632465543645,Lead,8.0
GFS,,650,2.383701723076923,3.419432147686693,-0.7629180307692308,0.9296749238952039,2.126727129337539,32.30769230769231,57.99999999999999,Lead,9.0
GFS,,649,2.6923429275808934,3.7988875676446296,-0.7566682896764253,0.9115936636282717,2.3780237341772152,30.662557781201848,53.62095531587057,Lead,10.0
GFS,,645,2.9300448062015505,4.3132954452018915,-0.7930494883720931,0.8839382409707934,2.642346581875994,29.30232558139535,52.4031007751938,Lead,11.0
GFS,,643,3.0323553965785384,4.608976238897082,-0.8761865007776048,0.8668121704670825,2.6736416,31.57076205287714,53.654743390357694,Lead,12.0
GFS,,638,3.1747942006269594,4.794721516795652,-0.8610105329153606,0.8552000796667621,1.9977103448275864,28.996865203761757,51.2539184952978,Lead,13.0
GFS,,146,2.4939336986301366,3.6397233504851885,-0.06194054794520544,0.7496276003215008,2.008255172413793,30.136986301369863,58.21917808219178,Lead,14.0
GFS,,147,2.3329347619047622,3.3736043463406165,-0.0884875510204081,0.790263162350542,,35.374149659863946,57.14285714285714,Lead,15.0
ECE,,670,0.9378961194029851,1.094266474989511,-0.5427742089552239,0.9975026585069676,0.22339242424242428,57.76119402985075,96.71641791044776,Lead,1.0
ECE,,669,0.9771676233183857,1.1503843744726336,-0.4670167713004485,0.996698252131369,0.2809241274658573,53.66218236173393,95.51569506726457,Lead,2.0
ECE,,668,0.9896418562874252,1.1998148902645769,-0.402749131736527,0.9958411921216257,0.33109863429438546,54.64071856287425,93.7125748502994,Lead,3.0
ECE,,668,1.0412645209580838,1.2799492992868546,-0.3628545209580838,0.9946469958575517,0.470453717754173,54.64071856287425,90.11976047904191,Lead,4.0
ECE,,667,1.1682975112443776,1.4456260287587823,-0.3612315142428785,0.9914271204837243,0.5648577981651377,47.976011994002995,86.80659670164917,Lead,5.0
ECE,,662,1.319935740181269,1.6889970476666283,-0.3609065256797583,0.9860553095811962,0.6691566820276498,43.50453172205438,81.2688821752266,Lead,6.0
ECE,,658,1.4555962310030395,1.9829592382126182,-0.42209501519756837,0.9789175589008764,0.7369301242236026,43.61702127659575,77.81155015197568,Lead,7.0
ECE,,653,1.608123797856049,2.2146832548051294,-0.4449026339969372,0.9723471868560395,0.7917095761381475,43.33843797856049,74.57886676875957,Lead,8.0
ECE,,650,1.7875315692307694,2.492312036659813,-0.4625549538461538,0.9637617528003969,0.8024936908517349,39.69230769230769,69.38461538461539,Lead,9.0
ECE,,649,1.975792604006163,2.805103320683519,-0.4444818489984592,0.9529889220427651,0.8085411392405064,36.82588597842835,64.25269645608628,Lead,10.0
ECE,,645,2.0680302635658916,3.0380187174256905,-0.39714406201550384,0.9442526993247697,0.8238346581875994,40.775193798449614,66.66666666666666,Lead,11.0
ECE,,643,2.255859502332815,3.2974768974607076,-0.3456779471228616,0.9336305791929673,0.8146064000000001,37.16951788491446,62.83048211508554,Lead,12.0
ECE,,638,2.479654263322884,3.5954848333372222,-0.29922683385579935,0.920540463443045,0.45342758620689666,35.57993730407524,60.9717868338558,Lead,13.0
ECE,,146,1.6194345205479455,2.2370286782348603,-0.5830501369863014,0.9195915227542164,,43.83561643835616,73.28767123287672,Lead,14.0
GEFS,,670,0.7685013731343282,0.9597863594303979,-0.6539876417910448,0.9970243985628349,0.27447424242424245,70.0,97.31343283582089,Lead,1.0
GEFS,,669,0.8261832585949177,1.040403644878962,-0.6358179671150971,0.9958882139088803,0.36001365705614563,66.51718983557548,93.87144992526159,Lead,2.0
GEFS,,668,0.8913281437125748,1.144101101525288,-0.5888030239520958,0.9940736684057719,0.49473748103186643,63.92215568862275,91.61676646706587,Lead,3.0
GEFS,,668,0.9566547005988025,1.2710811664048924,-0.5195356586826347,0.9916380739369818,0.6122974203338392,62.125748502994014,90.11976047904191,Lead,4.0
GEFS,,667,1.0969188905547227,1.5065822822918575,-0.47002311844077965,0.9872303837043577,0.6909159021406727,58.920539730134934,84.1079460269865,Lead,5.0
GEFS,,662,1.299793413897281,1.8392887715345436,-0.43262253776435045,0.9800562107299857,0.7839216589861752,54.833836858006045,79.60725075528701,Lead,6.0
GEFS,,658,1.4707841945288755,2.1342871448220326,-0.45670747720364735,0.9729896556601932,0.8636552795031057,50.15197568389058,74.92401215805471,Lead,7.0
GEFS,,653,1.6848619601837673,2.474607819396577,-0.4839853292496171,0.9634791851195083,0.8947017268445839,47.32006125574272,71.51607963246555,Lead,8.0
GEFS,,650,1.9082474153846152,2.8140025286445365,-0.5114180307692309,0.9525489667541464,0.8921529968454258,41.07692307692308,69.53846153846153,Lead,9.0
GEFS,,649,2.1321385824345147,3.127293284674334,-0.4871736825885978,0.940959650195926,0.9029446202531647,39.13713405238829,64.86902927580893,Lead,10.0
GEFS,,645,2.2845780155038757,3.323823843393247,-0.4618525891472868,0.9330751276197314,0.9256518282988871,35.81395348837209,61.86046511627907,Lead,11.0
GEFS,,643,2.3650662519440124,3.5012210098034755,-0.40954419906687417,0.92494982697659,0.9329472,37.16951788491446,60.65318818040435,Lead,12.0
GEFS,,638,2.48273789968652,3.6616494358745966,-0.32180833855799373,0.9173680861475032,0.6195931034482757,37.14733542319749,57.68025078369906,Lead,13.0
GEFS,,146,1.5521045205479451,2.2418479015804236,0.21513479452054787,0.9171788511241836,0.630758620689655,47.94520547945205,73.97260273972603,Lead,14.0
GEFS,,147,1.6772485034013607,2.448484820397367,0.08359408163265312,0.8995970882260739,,47.61904761904761,72.10884353741497,Lead,15.0
BLEND,,670,0.41750496693637684,0.5820110319719431,0.0002552337086578097,0.9981489064206706,0.2009971445055661,93.5820895522388,98.80597014925372,Lead,1.0
BLEND,,669,0.5025632244647348,0.7010499964824431,0.0021097258513780542,0.9972929123466973,0.2557458685242831,86.99551569506725,98.20627802690582,Lead,2.0
BLEND,,668,0.5898745108145429,0.8273516148005126,-0.020185262381560078,0.996207642785303,0.34411399089881206,80.98802395209582,97.30538922155688,Lead,3.0
BLEND,,668,0.6945799888828238,0.9669682975983557,-0.014449440618427964,0.9947409860388827,0.4597477852664221,76.94610778443113,94.61077844311377,Lead,4.0
BLEND,,667,0.8520074342130303,1.2082211925811028,-0.04086026349357866,0.9913238099534794,0.5455703723638547,69.7151424287856,90.4047976011994,Lead,5.0
BLEND,,662,1.059123939314034,1.5343436427699284,-0.14240138351779483,0.9856515936143297,0.5851106563458421,62.688821752265866,85.3474320241692,Lead,6.0
BLEND,,658,1.2294124707847771,1.8567034936879998,-0.21929185558076766,0.97890307006134,0.6947658825883576,59.87841945288754,80.69908814589665,Lead,7.0
BLEND,,653,1.4516666166697787,2.1548319865543504,-0.3069158031293893,0.9717808269479913,0.7052293108977177,51.91424196018377,76.41653905053599,Lead,8.0
BLEND,,650,1.6314453286149881,2.447488823800138,-0.35849538299856726,0.9637613260182754,0.7580297466337306,50.153846153846146,73.23076923076923,Lead,9.0
BLEND,,649,1.8687662241223104,2.783381262263472,-0.34873121588153394,0.9528491557299615,0.7619261773962129,45.60862865947612,69.02927580893683,Lead,10.0
BLEND,,645,2.025024472141003,3.061860318724901,-0.34960203249999894,0.9427032879371071,0.7526948063029907,42.480620155038764,67.44186046511628,Lead,11.0
BLEND,,643,2.196273687503851,3.3279168882001002,-0.34429919074433185,0.931748517434304,0.7578748935778947,41.99066874027994,65.00777604976672,Lead,12.0
BLEND,,638,2.400661808147761,3.5979703922944832,-0.3157021818825354,0.9197738289024798,0.47653063026371195,39.49843260188088,60.50156739811913,Lead,13.0
BLEND,,146,1.5623034702567702,2.304740735301183,-0.1705533408706755,0.9135606619353613,0.6484927866205641,48.63013698630137,73.97260273972603,Lead,14.0
BLEND,,147,1.7212994568905449,2.4762511705705434,0.16400871060686062,0.8961684948551148,,44.21768707482993,72.10884353741497,Lead,15.0
