LeadDays,w_GFS,w_ECE,w_GEFS,Bias_Summer,Bias_Winter
1,0.300,0.500,0.200,0.686,0.594
2,0.250,0.500,0.250,0.631,0.548
3,0.200,0.550,0.250,0.605,0.383
4,0.200,0.600,0.200,0.586,0.251
5,0.100,0.650,0.250,0.620,0.058
6,0.000,0.700,0.300,0.617,-0.137
7,0.150,0.700,0.150,0.605,-0.002
8,0.050,0.750,0.200,0.656,-0.138
9,0.050,0.850,0.100,0.709,-0.229
10,0.100,0.800,0.100,0.648,-0.164
11,0.050,0.750,0.200,0.593,-0.211
12,0.050,0.700,0.250,0.526,-0.180
13,0.050,0.600,0.350,0.419,-0.116
14,0.000,0.500,0.500,0.247,-0.259
15,0.050,0.000,0.950,-0.061,0.444
