Date,GWDD
2023-06-01,3.83315
2023-06-02,7.67778
2023-06-03,7.37037
2023-06-04,7.68534
2023-06-05,7.44254
2023-06-06,6.99685
2023-06-07,7.19233
2023-06-08,8.04594
2023-06-09,8.60392
2023-06-10,8.27955
2023-06-11,7.75365
2023-06-12,7.41269
2023-06-13,7.29632
2023-06-14,7.40508
2023-06-16,6.16644
2023-06-17,8.18732
2023-06-18,8.33247
2023-06-19,8.57276
2023-06-20,7.79823
2023-06-21,7.6381
2023-06-22,7.42908
2023-06-23,7.54286
2023-06-24,8.5026
2023-06-25,9.5596
2023-06-26,8.51752
2023-06-27,8.7098
2023-06-28,9.5087
2023-06-29,10.46951
2023-06-30,10.29505
2023-07-01,9.31452
2023-07-02,9.50738
2023-07-03,9.78531
2023-07-04,9.79471
2023-07-05,10.6223
2023-07-06,9.27095
2023-07-07,8.65428
2023-07-08,8.58314
2023-07-09,7.84749
2023-07-10,8.59327
2023-07-11,10.17925
2023-07-12,10.55149
2023-07-13,10.48616
2023-07-14,10.9061
2023-07-15,10.28083
2023-07-16,9.32433
2023-07-17,10.49613
2023-07-18,10.67762
2023-07-19,10.78358
2023-07-20,10.96207
2023-07-21,9.91179
2023-07-22,9.44753
2023-07-23,9.42291
2023-07-24,10.24349
2023-07-25,11.25627
2023-07-26,12.55115
2023-07-27,12.0859
2023-07-28,13.09081
2023-07-29,11.6316
2023-07-30,10.65056
2023-07-31,10.45246
2023-08-01,10.26261
2023-08-02,10.59961
2023-08-03,10.38002
2023-08-04,10.12443
2023-08-05,10.9498
2023-08-06,10.21352
2023-08-07,10.30807
2023-08-08,9.44654
2023-08-09,10.07696
2023-08-10,9.61095
2023-08-11,10.66461
2023-08-12,11.21703
2023-08-13,10.77553
2023-08-14,10.41179
2023-08-15,9.49674
2023-08-16,9.16816
2023-08-17,9.88574
2023-08-18,10.26566
2023-08-19,10.97767
2023-08-20,11.35297
2023-08-21,11.26534
2023-08-22,10.59473
2023-08-23,11.88401
2023-08-24,12.69372
2023-08-25,11.94324
2023-08-26,11.59442
2023-08-27,10.37733
2023-08-28,8.7839
2023-08-29,8.57754
2023-08-30,8.04807
2023-08-31,8.79468
2023-09-01,8.752
2023-09-02,8.61583
2023-09-03,9.78331
2023-09-04,10.57425
2023-09-05,11.16766
2023-09-06,10.59758
2023-09-07,10.55123
2023-09-08,10.2905
2023-09-09,8.84142
2023-09-10,8.11817
2023-09-11,8.40566
2023-09-12,7.85223
2023-09-13,7.09026
2023-09-14,7.07463
2023-09-15,7.39768
2023-09-16,7.3494
2023-09-17,7.5531
2023-09-18,7.28022
2023-09-19,7.98043
2023-09-20,7.77185
2023-09-21,7.7183
2023-09-22,7.3092
2023-09-23,7.86235
2023-09-24,8.10434
2023-09-25,7.18675
2023-09-26,7.42606
2023-09-27,7.36398
2023-09-28,7.57452
2023-09-29,7.37322
2023-09-30,7.77621
2023-10-01,7.59919
2023-10-02,7.45261
2023-10-03,7.0231
2023-10-04,7.09648
2023-10-05,5.92343
2023-10-06,7.17272
2023-10-07,9.13281
2023-10-08,10.32261
2023-10-09,10.56014
2023-10-10,9.43425
2023-10-11,8.55807
2023-10-12,8.28046
2023-10-13,9.06678
2023-10-14,9.59364
2023-10-15,10.73603
2023-10-16,11.42413
2023-10-17,10.32544
2023-10-18,9.08245
2023-10-19,8.05672
2023-10-20,8.12042
2023-10-21,9.25101
2023-10-22,10.38136
2023-10-23,10.04793
2023-10-24,8.21594
2023-10-25,6.97758
2023-10-26,6.96472
2023-10-27,8.95068
2023-10-28,11.78091
2023-10-29,14.60582
2023-10-30,18.51558
2023-10-31,21.82065
2023-11-01,22.89926
2023-11-02,19.41254
2023-11-03,14.15591
2023-11-04,11.69987
2023-11-05,10.63098
2023-11-06,10.26526
2023-11-07,9.7254
2023-11-08,11.72423
2023-11-09,13.08701
2023-11-10,15.61659
2023-11-11,17.03887
2023-11-12,15.79831
2023-11-13,14.75938
2023-11-14,13.69939
2023-11-15,13.2656
2023-11-16,11.0303
2023-11-17,11.51911
2023-11-18,14.78691
2023-11-19,15.97183
2023-11-20,17.1423
2023-11-21,18.27148
2023-11-22,18.32761
2023-11-23,20.95478
2023-11-24,23.9217
2023-11-26,25.55797
2023-11-27,27.04987
2023-11-28,29.29434
2023-11-29,26.63455
2023-11-30,20.49106
2023-12-01,19.2795
2023-12-02,17.55608
2023-12-03,17.94122
2023-12-04,19.26634
2023-12-05,20.73824
2023-12-06,22.58792
2023-12-07,20.7691
2023-12-08,16.95665
2023-12-09,17.35831
2023-12-10,21.2268
2023-12-11,23.78677
2023-12-12,24.24642
2023-12-13,23.11826
2023-12-14,21.61074
2023-12-15,18.6681
2023-12-16,18.59592
2023-12-17,18.52133
2023-12-18,21.85383
2023-12-19,26.01688
2023-12-20,22.71302
2023-12-21,20.7121
2023-12-22,19.84992
2023-12-23,18.05334
2023-12-24,17.37117
2023-12-25,18.99851
2023-12-26,20.58107
2023-12-27,20.79438
2023-12-28,22.50357
2023-12-29,23.80652
2023-12-30,24.70554
2023-12-31,25.39011
2024-01-01,27.2034
2024-01-02,28.2005
2024-01-04,28.8218
2024-01-05,28.7384
2024-01-06,27.7996
2024-01-07,28.7403
2024-01-08,27.5943
2024-01-09,25.9171
2024-01-10,25.8222
2024-01-11,26.2367
2024-01-12,28.5196
2024-01-13,33.1546
2024-01-14,41.0888
2024-01-15,44.5356
2024-01-16,44.723
2024-01-17,41.3581
2024-01-18,33.891
2024-01-19,37.3904
2024-01-20,41.966
2024-01-21,38.9192
2024-01-22,30.9476
2024-01-23,23.6495
2024-01-24,20.4542
2024-01-25,18.2049
2024-01-26,18.6593
2024-01-27,20.5235
2024-01-28,22.0703
2024-01-29,22.701
2024-01-30,22.1966
2024-01-31,21.3567
2024-02-01,19.6905
2024-02-02,19.7451
2024-02-03,22.6107
2024-02-04,22.4778
2024-02-07,18.6839
2024-02-08,18.6137
2024-02-09,16.79
2024-02-10,18.0263
2024-02-12,22.2076
2024-02-13,24.3195
2024-02-14,24.1428
2024-02-15,22.5892
2024-02-16,24.9664
2024-02-17,31.7338
2024-02-18,29.5954
2024-02-19,25.3572
2024-02-20,21.7642
2024-02-21,18.0467
2024-02-22,16.7245
2024-02-23,18.0364
2024-02-24,22.413
2024-02-25,20.7012
2024-02-29,25.6384
2024-03-01,22.0512
2024-03-02,17.4361
2024-03-03,13.1079
2024-03-05,14.4895
2024-03-06,15.5346
2024-03-07,15.9293
2024-03-08,16.8366
2024-03-09,19.6156
2024-03-10,20.8657
2024-03-12,11.2896
2024-03-13,11.1324
2024-03-14,10.855
2024-03-15,12.2767
2024-03-16,13.8226
2024-03-17,15.9129
2024-03-18,21.979
2024-03-19,21.2594
2024-03-20,18.6606
2024-03-21,20.2037
2024-03-24,21.1521
2024-03-25,17.7795
2024-03-26,18.5071
2024-03-27,19.803
2024-03-28,18.2745
2024-03-29,16.334
2024-03-30,12.1793
2024-03-31,12.802
2024-04-01,12.704
2024-04-02,13.8544
2024-04-03,16.1287
2024-04-04,18.9018
2024-04-05,18.7918
2024-04-06,16.8626
2024-04-07,14.9387
2024-04-08,11.5809
2024-04-09,8.9266
2024-04-10,9.1322
2024-04-11,9.9866
2024-04-12,10.8981
2024-04-13,11.309
2024-04-14,9.2859
2024-04-15,7.9085
2024-04-16,8.5996
2024-04-17,8.6068
2024-04-18,11.1813
2024-04-19,12.2983
2024-04-20,13.4962
2024-04-21,15.5267
2024-04-22,13.6292
2024-04-23,10.6112
2024-04-24,10.8365
2024-04-25,12.1376
2024-04-26,10.741
2024-04-27,9.0132
2024-04-28,7.4207
2024-04-29,7.4856
2024-04-30,8.5171
2024-05-01,8.1146
2024-05-02,8.0168
2024-05-03,7.4616
2024-05-04,8.7422
2024-05-05,8.8723
2024-05-06,8.1763
2024-05-07,8.2996
2024-05-08,8.0909
2024-05-09,8.2571
2024-05-10,9.6086
2024-05-11,9.1648
2024-05-12,8.4369
2024-05-13,7.5026
2024-05-14,7.2654
2024-05-15,7.0543
2024-05-16,7.0166
2024-05-17,6.0115
2024-05-18,7.3481
2024-05-19,7.8476
2024-05-20,7.8335
2024-05-21,7.8654
2024-05-22,7.4099
2024-05-23,7.2446
2024-05-24,8.1261
2024-05-25,8.5768
2024-05-26,8.2057
2024-05-27,7.8967
2024-05-28,7.8045
2024-05-29,8.212
2024-05-30,8.3328
2024-05-31,7.8992
2024-06-01,6.9555
2024-06-02,6.2883
2024-06-03,6.2977
2024-06-04,7.487
2024-06-05,7.2314
2024-06-06,7.6292
2024-06-07,7.5886
2024-06-08,8.2655
2024-06-09,7.8641
2024-06-10,8.2456
2024-06-11,8.4559
2024-06-12,8.0832
2024-06-13,9.2058
2024-06-14,8.7689
2024-06-15,8.2766
2024-06-16,9.274
2024-06-17,9.3526
2024-06-18,8.7235
2024-06-19,8.6682
2024-06-20,9.0368
2024-06-21,9.2102
2024-06-22,10.3277
2024-06-23,9.677
2024-06-24,9.0944
2024-06-25,10.2034
2024-06-26,9.5772
2024-06-27,8.2567
2024-06-28,8.6951
2024-06-29,9.8244
2024-06-30,9.2852
2024-07-01,8.7463
2024-07-02,9.7983
2024-07-03,9.9659
2024-07-04,10.1331
2024-07-05,9.9329
2024-07-06,9.499
2024-07-07,9.6565
2024-07-08,9.3008
2024-07-09,9.4727
2024-07-10,9.3827
2024-07-11,9.1694
2024-07-12,9.2072
2024-07-13,10.4117
2024-07-14,11.2611
2024-07-15,11.8955
2024-07-16,11.338
2024-07-17,9.4865
2024-07-18,8.0819
2024-07-19,7.7439
2024-07-20,8.4003
2024-07-21,7.8404
2024-07-22,7.0733
2024-07-23,7.7197
2024-07-24,7.7867
2024-07-25,7.5458
2024-07-26,7.5221
2024-07-27,7.9076
2024-07-28,8.3198
2024-07-29,8.9262
2024-07-30,10.0047
2024-07-31,10.9848
2024-08-01,12.0697
2024-08-02,10.9983
2024-08-03,10.9913
2024-08-04,9.9608
2024-08-05,10.9206
2024-08-06,10.2996
2024-08-07,9.2782
2024-08-08,9.0602
2024-08-09,8.2823
2024-08-10,8.7687
2024-08-11,8.5215
2024-08-12,8.9309
2024-08-13,9.1607
2024-08-14,9.238
2024-08-15,9.6562
2024-08-16,10.0821
2024-08-17,9.0543
2024-08-18,8.9163
2024-08-19,9.1826
2024-08-20,9.2754
2024-08-21,9.3455
2024-08-22,8.7853
2024-08-23,9.132
2024-08-24,9.1971
2024-08-25,10.1768
2024-08-26,10.6418
2024-08-27,11.0971
2024-08-28,10.6824
2024-08-29,9.639
2024-08-30,9.1491
2024-08-31,7.4245
2024-09-01,7.2203
2024-09-02,6.7841
2024-09-03,7.6785
2024-09-04,7.4946
2024-09-05,8.3602
2024-09-06,7.3079
2024-09-07,7.9437
2024-09-08,8.5986
2024-09-09,8.3985
2024-09-10,8.1485
2024-09-11,7.5145
2024-09-12,6.9559
2024-09-13,7.1041
2024-09-14,7.6026
2024-09-15,7.1669
2024-09-16,7.3747
2024-09-17,7.2954
2024-09-18,7.6127
2024-09-19,8.442
2024-09-20,8.7094
2024-09-21,8.5584
2024-09-22,7.7199
2024-09-23,6.8466
2024-09-24,6.5575
2024-09-25,6.1197
2024-09-26,5.6313
2024-09-27,5.5612
2024-09-28,6.0055
2024-09-29,6.188
2024-09-30,7.2515
2024-10-01,7.1493
2024-10-02,8.3016
2024-10-03,7.9293
2024-10-04,7.2918
2024-10-05,7.1225
2024-10-06,7.3218
2024-10-07,7.6084
2024-10-08,8.1538
2024-10-09,8.4131
2024-10-10,9.3092
2024-10-11,8.8264
2024-10-12,7.8007
2024-10-13,8.8685
2024-10-14,10.6456
2024-10-15,13.2985
2024-10-16,13.2176
2024-10-17,12.7531
2024-10-18,10.8296
2024-10-19,8.9841
2024-10-20,8.6408
2024-10-21,7.4879
2024-10-22,7.4638
2024-10-23,8.3807
2024-10-24,10.1298
2024-10-25,10.3928
2024-10-26,9.9701
2024-10-27,10.9657
2024-10-28,10.858
2024-10-29,9.0793
2024-10-30,7.936
2024-10-31,8.7963
2024-11-01,10.1643
2024-11-02,11.3402
2024-11-03,11.095
2024-11-04,10.0932
2024-11-05,9.0784
2024-11-06,9.6876
2024-11-07,10.8569
2024-11-08,11.3303
2024-11-09,12.6653
2024-11-10,11.2819
2024-11-11,10.2582
2024-11-12,14.4871
2024-11-13,15.3104
2024-11-14,15.3952
2024-11-15,15.209
2024-11-16,14.4332
2024-11-17,12.9897
2024-11-18,11.6602
2024-11-19,13.0973
2024-11-20,16.4801
2024-11-21,20.0899
2024-11-22,20.90989
2024-11-23,19.33584
2024-11-24,17.23098
2024-11-25,17.65284
2024-11-26,19.36051
2024-11-27,19.64384
2024-11-28,23.23885
2024-11-29,28.62872
2024-11-30,29.91749
2024-12-01,28.71111
2024-12-02,29.23851
2024-12-03,28.59404
2024-12-04,26.30977
2024-12-05,28.34949
2024-12-06,30.47057
2024-12-07,25.75181
2024-12-08,19.40136
2024-12-09,17.26885
2024-12-10,20.89775
2024-12-11,25.28169
2024-12-12,30.05472
2024-12-13,28.90116
2024-12-14,24.03594
2024-12-15,20.74137
2024-12-16,16.63758
2024-12-17,15.98351
2024-12-18,19.45859
2024-12-19,22.57981
2024-12-20,26.45609
2024-12-21,31.43337
2024-12-22,31.08873
2024-12-23,26.40364
2024-12-24,22.9701
2024-12-25,23.4077
2024-12-26,21.5755
2024-12-27,19.6549
2024-12-28,16.1837
2024-12-29,15.4703
2024-12-30,17.1022
2024-12-31,21.2778
2025-01-01,25.8025
2025-01-02,27.2824
2025-01-03,28.2762
2025-01-04,31.3455
2025-01-05,32.7752
2025-01-06,35.2949
2025-01-07,37.1513
2025-01-08,37.9862
2025-01-09,37.6236
2025-01-10,34.9721
2025-01-11,32.7988
2025-01-12,32.1808
2025-01-13,32.9312
2025-01-14,35.5337
2025-01-15,34.4505
2025-01-16,29.6741
2025-01-17,26.687
2025-01-18,28.7274
2025-01-19,39.1415
2025-01-20,44.9469
2025-01-21,47.4771
2025-01-22,43.1311
2025-01-23,38.8465
2025-01-24,36.9546
2025-01-25,33.2899
2025-01-26,29.7519
2025-01-27,29.3314
2025-01-28,26.0501
2025-01-29,23.0016
2025-01-30,23.2076
2025-01-31,21.1572
2025-02-01,24.0629
2025-02-02,22.841
2025-02-03,19.1046
2025-02-04,21.9424
2025-02-05,24.6352
2025-02-06,22.2697
2025-02-07,23.717
2025-02-08,24.588
2025-02-09,26.2023
2025-02-10,29.341
2025-02-11,30.7445
2025-02-12,32.0036
2025-02-13,32.991
2025-02-14,31.8056
2025-02-15,27.133
2025-02-16,29.8791
2025-02-17,35.3195
2025-02-18,38.0411
2025-02-19,40.6495
2025-02-20,40.8465
2025-02-21,37.4021
2025-02-22,31.9436
2025-02-23,25.1621
2025-02-24,19.4392
2025-02-25,16.3124
2025-02-26,15.8742
2025-02-27,15.8265
2025-02-28,17.5718
2025-03-01,21.3355
2025-03-02,26.0655
2025-03-03,23.1877
2025-03-04,18.2652
2025-03-05,19.8247
2025-03-06,23.5434
2025-03-07,22.6033
2025-03-08,21.8486
2025-03-09,20.3033
2025-03-10,15.5415
2025-03-11,14.9263
2025-03-12,15.6647
2025-03-13,15.4496
2025-03-14,14.3173
2025-03-15,13.5726
2025-03-16,16.2564
2025-03-17,17.7992
2025-03-18,15.3584
2025-03-19,14.0009
2025-03-20,18.0554
2025-03-21,19.4624
2025-03-22,16.6735
2025-03-23,17.046
2025-03-24,15.6156
2025-03-25,14.9956
2025-03-26,15.3915
2025-03-27,13.8895
2025-03-28,9.9663
2025-03-29,9.6143
2025-03-30,11.9446
2025-03-31,13.0928
2025-04-01,16.8296
2025-04-02,15.3628
2025-04-03,12.6087
2025-04-04,12.8799
2025-04-05,14.4404
2025-04-06,16.8972
2025-04-07,18.8932
2025-04-08,20.7323
2025-04-09,17.542
2025-04-10,14.8197
2025-04-11,14.7132
2025-04-12,14.9187
2025-04-13,13.0463
2025-04-14,10.0558
2025-04-15,11.4181
2025-04-16,13.9988
2025-04-17,12.8261
2025-04-18,10.7115
2025-04-19,9.3278
2025-04-20,10.1069
2025-04-21,9.7835
2025-04-22,8.862
2025-04-23,8.0461
2025-04-24,7.4977
2025-04-25,7.9416
2025-04-26,10.0844
2025-04-27,11.0235
2025-04-28,9.4116
2025-04-29,8.0835
2025-04-30,8.4359
2025-05-01,8.1119
2025-05-02,7.5599
2025-05-03,8.6443
2025-05-04,9.47
2025-05-05,8.6693
2025-05-06,8.5319
2025-05-07,8.0345
2025-05-08,9.0937
2025-05-09,9.2378
2025-05-10,8.4919
2025-05-11,7.6681
2025-05-12,7.1124
2025-05-13,6.8174
2025-05-14,7.7442
2025-05-15,7.5885
2025-05-16,8.001
2025-05-17,8.3585
2025-05-18,8.4627
2025-05-19,9.8685
2025-05-20,10.5536
2025-05-21,10.5811
2025-05-22,11.291
2025-05-23,11.3943
2025-05-24,10.4666
2025-05-25,9.3829
2025-05-26,9.05
2025-05-27,8.1526
2025-05-28,7.7341
2025-05-29,7.6931
2025-05-30,6.7411
2025-05-31,8.2378
2025-06-01,9.3784
2025-06-02,8.6526
2025-06-03,7.3779
2025-06-04,6.6503
2025-06-05,6.8781
2025-06-06,7.3562
2025-06-07,7.1642
2025-06-08,7.2588
2025-06-09,7.2375
2025-06-10,7.3395
2025-06-11,7.1391
2025-06-12,6.7686
2025-06-13,7.1595
2025-06-14,7.4523
2025-06-15,7.4345
2025-06-16,7.6107
2025-06-17,7.4446
2025-06-18,7.4172
2025-06-19,8.3396
2025-06-20,8.0585
2025-06-21,9.7989
2025-06-22,10.237
2025-06-23,11.0714
2025-06-24,10.6938
2025-06-25,9.8979
2025-06-26,9.3635
2025-06-27,8.5528
2025-06-28,8.8119
2025-06-29,9.0504
2025-06-30,8.4952
2025-07-01,8.3101
2025-07-02,8.2855
2025-07-03,8.2444
2025-07-04,7.8756
2025-07-05,8.6341
2025-07-06,8.5221
2025-07-07,8.4234
2025-07-08,9.4145
2025-07-09,8.5957
2025-07-10,8.4257
2025-07-11,8.8175
2025-07-12,8.8803
2025-07-13,7.9402
2025-07-14,8.3263
2025-07-15,9.5131
2025-07-16,9.3275
2025-07-17,8.7358
2025-07-18,8.3703
2025-07-19,8.7034
2025-07-20,9.0985
2025-07-21,8.7376
2025-07-22,8.8739
2025-07-23,9.3762
2025-07-24,10.2676
2025-07-25,9.9129
2025-07-26,9.2766
2025-07-28,8.0202
2025-07-29,12.0278
2025-07-30,11.3937
2025-07-31,9.4979
2025-08-01,8.537
2025-08-02,7.7988
2025-08-03,7.6707
2025-08-04,7.6768
2025-08-05,8.0195
2025-08-06,8.5083
2025-08-07,9.3683
2025-08-08,9.8964
2025-08-09,9.9133
2025-08-10,9.3824
2025-08-11,9.3603
2025-08-12,10.0229
2025-08-13,9.4736
2025-08-14,9.8422
2025-08-15,10.08
2025-08-16,10.0697
2025-08-17,10.0724
2025-08-18,9.9343
2025-08-19,9.5393
2025-08-20,8.5144
2025-08-21,8.0902
2025-08-22,8.2274
2025-08-23,7.591
2025-08-24,7.8399
2025-08-25,8.1297
2025-08-26,7.773
2025-08-27,8.1718
2025-08-28,8.4031
2025-08-29,8.2324
2025-08-30,7.7425
2025-08-31,7.7191
2025-09-01,6.9639
2025-09-02,7.8292
2025-09-03,7.9034
2025-09-04,8.9047
2025-09-05,8.4191
2025-09-06,7.962
2025-09-07,7.5631
2025-09-08,7.6407
2025-09-09,7.0109
2025-09-10,7.1767
2025-09-11,7.5734
2025-09-12,7.8617
2025-09-13,7.8334
2025-09-14,8.0592
2025-09-15,7.8697
2025-09-16,7.9417
2025-09-17,7.9211
2025-09-18,7.5035
2025-09-19,7.3679
2025-09-20,7.36
2025-09-21,6.902
2025-09-22,7.0443
2025-09-23,7.2802
2025-09-24,5.8152
2025-09-25,5.7584
2025-09-26,6.2893
2025-09-27,5.7484
2025-09-28,5.881
2025-09-29,5.8873
2025-09-30,5.9002
2025-10-01,6.6348
2025-10-02,7.388
2025-10-03,7.5929
2025-10-04,6.8901
2025-10-05,6.9258
2025-10-06,7.0085
2025-10-07,7.2115
2025-10-08,8.4041
2025-10-09,8.9022
2025-10-10,8.5888
2025-10-11,7.2469
2025-10-12,7.8087
2025-10-13,8.1316
2025-10-14,8.2149
2025-10-15,8.0889
2025-10-16,9.1465
2025-10-17,8.6528
2025-10-18,7.8479
2025-10-19,8.1906
2025-10-20,9.9033
2025-10-21,9.9285
2025-10-22,10.6813
2025-10-23,11.5632
2025-10-24,12.1506
2025-10-25,11.1105
2025-10-26,11.0367
2025-10-27,12.1519
2025-10-28,12.467
2025-10-29,13.1726
2025-10-30,13.1531
2025-10-31,13.6436
2025-11-01,14.2259
2025-11-02,14.3689
2025-11-03,12.352
2025-11-04,11.3138
2025-11-05,11.0539
2025-11-06,12.3437
2025-11-07,11.6218
2025-11-08,12.0216
2025-11-09,17.8888
2025-11-10,24.1387
2025-11-11,23.1088
2025-11-12,15.8552
2025-11-13,12.83
2025-11-14,11.4487
2025-11-15,10.9184
2025-11-16,13.8285
2025-11-17,17.2826
2025-11-18,16.9715
2025-11-19,16.177
2025-11-20,15.6364
2025-11-21,14.7488
2025-11-22,15.1903
2025-11-23,16.0634
2025-11-24,15.5371
2025-11-25,14.8875
2025-11-26,18.3348
2025-11-27,23.0574
2025-11-28,26.4291
2025-11-29,25.7839
2025-11-30,28.016
2025-12-01,30.0738
2025-12-02,30.1319
2025-12-03,29.5994
2025-12-04,32.3008
2025-12-05,31.2922
2025-12-06,27.0901
2025-12-07,27.3387
2025-12-08,30.4545
2025-12-09,27.5395
2025-12-10,23.2893
2025-12-11,26.1564
2025-12-12,26.3974
2025-12-13,27.6349
2025-12-14,35.3481
2025-12-15,34.8378
2025-12-16,27.5584
2025-12-17,20.6805
2025-12-18,19.4473
2025-12-19,23.1299
2025-12-20,23.2358
2025-12-21,22.2236
2025-12-22,20.6431
2025-12-23,16.5031
2025-12-24,15.4723
2025-12-25,15.9131
2025-12-26,17.8504
2025-12-27,19.0685
2025-12-28,21.435
2025-12-29,27.8229
2025-12-30,32.8811
2025-12-31,29.8008
2026-01-01,29.2217
2026-01-02,27.1429
2026-01-03,26.8068
2026-01-04,25.9838
2026-01-05,22.6919
2026-01-06,18.5618
2026-01-07,17.0098
2026-01-08,16.6449
2026-01-09,17.2474
2026-01-10,21.8634
2026-01-11,26.2889
2026-01-12,25.761
2026-01-13,20.8786
2026-01-14,23.3096
2026-01-15,30.6386
2026-01-16,29.5721
2026-01-17,31.8241
2026-01-18,33.9276
2026-01-19,35.9466
2026-01-20,35.4311
2026-01-21,28.6555
2026-01-22,27.6891
2026-01-23,36.572
2026-01-24,42.8111
2026-01-25,43.0491
2026-01-26,43.2664
2026-01-27,41.2229
2026-01-28,39.4982
2026-01-29,37.8711
2026-01-30,38.8286
2026-01-31,41.7848
2026-02-01,39.6519
2026-02-03,29.014
2026-02-04,30.2392
2026-02-05,31.0267
2026-02-06,27.189
2026-02-07,29.8959
2026-02-08,30.2066
2026-02-09,26.0864
2026-02-10,21.2345
2026-02-11,21.1572
2026-02-12,23.3083
2026-02-13,22.3019
2026-02-14,20.1626
2026-02-15,19.2952
2026-02-16,19.0375
2026-02-17,17.9931
2026-02-18,16.6365
2026-02-19,19.1187
2026-02-20,22.5188
2026-02-21,24.6
2026-02-22,28.8087
2026-02-23,30.9929
2026-02-24,28.5958
2026-02-25,22.7029
2026-02-26,19.4422
2026-02-27,17.5665
2026-02-28,17.516
2026-03-01,20.5402
2026-03-02,21.8346
2026-03-03,19.1181
2026-03-04,15.691
2026-03-05,14.6875
2026-03-06,13.8331
2026-03-07,13.4637
2026-03-08,11.7069
2026-03-09,10.286
2026-03-10,9.6104
2026-03-11,12.6807
2026-03-12,17.9689
2026-03-13,19.0046
2026-03-14,17.4911
2026-03-15,17.3082
2026-03-16,21.3076
2026-03-17,26.9006
2026-03-18,22.4811
2026-03-19,16.2827
2026-03-20,11.8431
2026-03-21,11.098
2026-03-22,12.042
2026-03-23,16.3503
2026-03-24,16.588
2026-03-25,13.5372
2026-03-26,10.7264
2026-03-27,15.442
2026-03-28,19.1963
2026-03-29,14.5322
2026-03-30,8.8854
2026-03-31,7.7397
2026-04-01,10.6468
2026-04-02,11.4253
2026-04-03,10.4101
2026-04-04,10.8017
2026-04-05,12.8676
2026-04-06,15.1504
2026-04-07,17.1597
2026-04-08,14.4328
2026-04-09,11.0343
2026-04-10,10.3504
2026-04-11,10.5755
2026-04-12,9.4578
2026-04-13,6.9694
2026-04-14,7.189
2026-04-15,6.9424
2026-04-16,7.6773
2026-04-17,8.5308
2026-04-18,11.3763
2026-04-19,14.6363
2026-04-20,14.45
2026-04-21,12.0413
2026-04-22,8.3815
2026-04-23,7.7355
2026-04-24,8.5016
2026-04-25,10.8631
2026-04-26,11.2664
2026-04-27,10.7312
2026-04-28,10.4443
2026-04-29,10.7993
2026-04-30,11.7423
2026-05-01,13.0257
2026-05-02,13.5995
2026-05-03,11.7782
2026-05-04,8.0468
2026-05-05,8.834
2026-05-06,10.5208
2026-05-07,11.0083
2026-05-08,10.1571
2026-05-09,9.2779
2026-05-10,9.9733
2026-05-11,10.2529
2026-05-12,10.1679
2026-05-13,8.9715
2026-05-14,9.6989
2026-05-15,9.6569
2026-05-16,7.7284
2026-05-17,7.199
2026-05-18,7.9516
