ValidDate,Month,Lead0,Lead01,Bias01,Lead03,Bias03,Lead05,Bias05,Lead07,Bias07,Lead10,Bias10,Lead14,Bias14,Metric
2022-12-24,Dec,53.565,50.864999999999995,-2.700000000000003,49.965,-3.5999999999999943,42.135,-11.43,47.31,-6.2549999999999955,40.515,-13.049999999999997,34.485,-19.08,HDD
2025-01-21,Jan,51.72,54.3885,2.6685000000000016,54.7845,3.0645000000000024,55.3515,3.6315000000000026,49.8165,-1.903500000000001,36.064499999999995,-15.655500000000004,34.025999999999996,-17.694000000000003,HDD
2025-01-22,Jan,51.513000000000005,53.150999999999996,1.637999999999991,53.835,2.3219999999999956,54.991499999999995,3.4784999999999897,53.916,2.4029999999999916,49.245000000000005,-2.2680000000000007,44.2995,-7.213500000000003,HDD
2025-01-23,Jan,48.66,50.7795,2.119500000000002,52.926,4.266000000000005,56.67,8.010000000000005,51.1485,2.488500000000002,46.7295,-1.930499999999995,41.037,-7.6229999999999976,HDD
2025-12-15,Dec,46.698,46.194,-0.5039999999999978,42.324,-4.374000000000002,42.54,-4.158000000000001,38.931,-7.767000000000003,33.8865,-12.811500000000002,28.923000000000002,-17.775,HDD
2024-01-17,Jan,45.5685,45.2265,-0.34199999999999875,42.3285,-3.240000000000002,42.684,-2.8845000000000027,43.314,-2.2545,36.9555,-8.613,32.316,-13.252499999999998,HDD
2022-12-25,Dec,44.835,43.485,-1.3500000000000014,44.88,0.045000000000001705,44.79,-0.045000000000001705,42.585,-2.25,43.35,-1.4849999999999994,34.260000000000005,-10.574999999999996,HDD
2022-01-30,Jan,44.7,45.15,0.44999999999999574,45.69,0.9899999999999949,46.68,1.9799999999999969,40.965,-3.7349999999999994,34.754999999999995,-9.945000000000007,36.33,-8.370000000000005,HDD
2025-01-16,Jan,44.3445,45.1275,0.7830000000000013,45.843,1.498500000000007,46.792500000000004,2.4480000000000075,47.0085,2.6640000000000015,44.367,0.022500000000000853,42.3915,-1.9529999999999959,HDD
2025-02-20,Feb,44.241,40.839,-3.402000000000001,41.6175,-2.6235,41.7255,-2.515500000000003,41.073,-3.1679999999999993,31.991999999999997,-12.249000000000002,32.343,-11.897999999999996,HDD
2023-02-04,Feb,44.115,45.510000000000005,1.3950000000000031,46.004999999999995,1.8899999999999935,44.565,0.44999999999999574,39.03,-5.085000000000001,39.57,-4.545000000000002,29.985,-14.130000000000003,HDD
2024-01-21,Jan,44.061,44.8575,0.7965000000000018,43.701,-0.35999999999999943,44.0475,-0.013500000000000512,45.4785,1.4174999999999969,42.9315,-1.1295000000000002,36.289500000000004,-7.771499999999996,HDD
2025-01-09,Jan,43.854,45.06,1.206000000000003,46.41,2.5559999999999974,46.986000000000004,3.132000000000005,46.374,2.520000000000003,40.56,-3.293999999999997,34.957499999999996,-8.896500000000003,HDD
2022-01-22,Jan,42.99,42.855000000000004,-0.134999999999998,44.205,1.2149999999999963,45.105000000000004,2.115000000000002,43.845,0.8549999999999969,40.245,-2.7450000000000045,34.485,-8.505000000000003,HDD
2022-01-16,Jan,42.9,41.504999999999995,-1.3950000000000031,43.08,0.17999999999999972,43.935,1.0350000000000037,37.095,-5.805,35.61,-7.289999999999999,33.45,-9.449999999999996,HDD
2024-01-20,Jan,42.7965,42.045,-0.7515000000000001,42.688500000000005,-0.10799999999999699,41.685,-1.1114999999999995,41.536500000000004,-1.259999999999998,37.815,-4.981500000000004,35.911500000000004,-6.884999999999998,HDD
2025-01-20,Jan,42.7155,44.277,1.5615000000000023,45.438,2.7225000000000037,43.763999999999996,1.048499999999997,38.6745,-4.040999999999997,33.423,-9.292499999999997,37.0995,-5.616,HDD
2022-01-08,Jan,42.495,41.730000000000004,-0.7649999999999935,41.865,-0.6299999999999955,40.92,-1.5749999999999957,39.120000000000005,-3.374999999999993,31.244999999999997,-11.25,26.879999999999995,-15.615000000000002,HDD
2025-02-19,Feb,42.396,43.0215,0.6255000000000024,43.408500000000004,1.0125000000000028,40.1685,-2.227499999999999,39.957,-2.439,33.954,-8.442,27.96,-14.436,HDD
2022-01-21,Jan,42.36,43.754999999999995,1.394999999999996,43.215,0.855000000000004,44.835,2.4750000000000014,41.145,-1.2149999999999963,33.945,-8.415,32.055,-10.305,HDD
2025-01-10,Jan,41.968500000000006,44.4435,2.4749999999999943,46.194,4.225499999999997,45.694500000000005,3.725999999999999,45.0195,3.050999999999995,42.4725,0.5039999999999907,42.225,0.2564999999999955,HDD
2025-01-15,Jan,41.716499999999996,43.408500000000004,1.6920000000000073,46.059,4.342500000000001,47.9985,6.282000000000004,45.4605,3.744000000000007,40.668,-1.048499999999997,39.2055,-2.5109999999999957,HDD
2024-01-22,Jan,41.577,42.576,0.9990000000000023,42.9855,1.4085000000000036,42.063,0.4860000000000042,40.033500000000004,-1.5434999999999945,38.9715,-2.6054999999999993,32.8335,-8.743499999999997,HDD
2021-02-21,Feb,40.965,41.775,0.8099999999999952,43.575,2.6099999999999994,41.19,0.22499999999999432,34.980000000000004,-5.984999999999999,35.61,-5.355000000000004,33.585,-7.380000000000003,HDD
2025-01-07,Jan,40.938,40.839,-0.09900000000000375,40.821,-0.11700000000000443,40.8075,-0.13050000000000495,36.366,-4.572000000000003,37.563,-3.375,31.902,-9.036000000000001,HDD
2025-06-25,Jun,23.77199999999999,25.058999999999997,1.2870000000000061,25.42349999999999,1.6514999999999986,23.94749999999999,0.17549999999999955,23.263499999999993,-0.508499999999998,18.885000000000005,-4.886999999999986,13.768499999999989,-10.003500000000003,CDD
2025-06-24,Jun,23.73599999999999,24.5505,0.8145000000000095,24.150000000000006,0.4140000000000157,24.06450000000001,0.32850000000001955,21.877499999999998,-1.8584999999999923,18.79950000000001,-4.936499999999981,12.283500000000004,-11.452499999999986,CDD
2020-07-20,Jul,22.215000000000003,24.014999999999986,1.799999999999983,22.935000000000002,0.7199999999999989,19.515,-2.700000000000003,19.379999999999995,-2.835000000000008,17.715000000000003,-4.5,19.289999999999992,-2.9250000000000114,CDD
2024-06-23,Jun,21.072000000000003,21.40950000000001,0.3375000000000057,21.346500000000006,0.2745000000000033,20.208,-0.8640000000000043,22.539000000000016,1.467000000000013,18.727499999999992,-2.3445000000000107,15.487500000000011,-5.584499999999991,CDD
2025-06-23,Jun,21.067499999999995,21.742500000000007,0.6750000000000114,20.563500000000005,-0.5039999999999907,20.248499999999993,-0.8190000000000026,18.295500000000004,-2.7719999999999914,13.804500000000004,-7.262999999999991,10.299000000000007,-10.768499999999989,CDD
2020-07-19,Jul,20.189999999999998,20.235000000000014,0.045000000000015916,19.965000000000003,-0.22499999999999432,18.30000000000001,-1.8899999999999864,16.095,-4.094999999999999,20.504999999999995,0.3149999999999977,15.780000000000001,-4.409999999999997,CDD
2025-07-30,Jul,20.117999999999995,19.906499999999994,-0.2115000000000009,20.064000000000007,-0.053999999999987836,20.113500000000002,-0.004499999999993065,20.176500000000004,0.05850000000000932,15.613500000000002,-4.504499999999993,12.909000000000006,-7.208999999999989,CDD
2020-07-21,Jul,19.92,20.639999999999986,0.7199999999999847,19.379999999999995,-0.5400000000000063,20.325000000000003,0.40500000000000114,19.019999999999996,-0.9000000000000057,18.974999999999994,-0.9450000000000074,16.095,-3.825000000000003,CDD
2024-07-10,Jul,19.857,20.55000000000001,0.693000000000012,19.510500000000008,-0.3464999999999918,16.981499999999997,-2.8755000000000024,15.784500000000008,-4.072499999999991,16.931999999999988,-2.9250000000000114,17.91300000000001,-1.9439999999999884,CDD
2021-08-13,Aug,19.83,19.650000000000006,-0.1799999999999926,19.110000000000014,-0.7199999999999847,17.265,-2.5649999999999977,16.455,-3.375,16.455000000000013,-3.374999999999986,13.890000000000015,-5.9399999999999835,CDD
2024-07-16,Jul,19.735500000000002,20.522999999999996,0.7874999999999943,19.960499999999996,0.22499999999999432,19.555499999999995,-0.18000000000000682,19.843500000000006,0.10800000000000409,17.3955,-2.3400000000000034,16.009500000000003,-3.725999999999999,CDD
2024-07-06,Jul,19.7085,20.540999999999997,0.832499999999996,18.5835,-1.125,17.823000000000008,-1.8854999999999933,19.024500000000003,-0.6839999999999975,16.918499999999995,-2.7900000000000063,14.664000000000016,-5.044499999999985,CDD
2020-07-28,Jul,19.650000000000006,20.504999999999995,0.8549999999999898,20.909999999999997,1.259999999999991,19.515,-0.13500000000000512,21.900000000000006,2.25,18.120000000000005,-1.5300000000000011,16.139999999999986,-3.5100000000000193,CDD
2025-06-26,Jun,19.317000000000007,20.707499999999996,1.3904999999999887,22.80449999999999,3.487499999999983,22.692000000000007,3.375,20.95949999999999,1.642499999999984,17.867999999999995,-1.4490000000000123,14.448000000000008,-4.869,CDD
2025-07-29,Jul,19.263000000000005,19.236000000000004,-0.027000000000001023,18.700500000000005,-0.5625,20.14949999999999,0.8864999999999839,16.257000000000005,-3.0060000000000002,16.3335,-2.9295000000000044,14.204999999999998,-5.058000000000007,CDD
2020-07-27,Jul,19.064999999999998,19.379999999999995,0.3149999999999977,19.514999999999986,0.44999999999998863,20.144999999999996,1.0799999999999983,21.269999999999996,2.2049999999999983,19.200000000000003,0.13500000000000512,15.240000000000009,-3.8249999999999886,CDD
2024-07-09,Jul,18.938999999999993,19.141499999999994,0.20250000000000057,18.09299999999999,-0.8460000000000036,16.846500000000006,-2.092499999999987,15.68549999999999,-3.2535000000000025,15.141000000000005,-3.7979999999999876,17.346000000000004,-1.5929999999999893,CDD
2022-07-21,Jul,18.88499999999999,18.659999999999997,-0.22499999999999432,19.289999999999992,0.40500000000000114,19.47,0.585000000000008,17.580000000000013,-1.3049999999999784,16.635000000000005,-2.249999999999986,16.05000000000001,-2.8349999999999795,CDD
2024-06-22,Jun,18.804000000000002,18.65549999999999,-0.14850000000001273,19.042500000000004,0.23850000000000193,18.066000000000003,-0.7379999999999995,18.2145,-0.589500000000001,17.283000000000015,-1.5209999999999866,13.345500000000015,-5.458499999999987,CDD
2021-06-30,Jun,18.795,19.155,0.35999999999999943,18.659999999999997,-0.13500000000000512,17.444999999999993,-1.3500000000000085,13.844999999999999,-4.950000000000003,11.550000000000011,-7.24499999999999,12.405000000000001,-6.390000000000001,CDD
2022-07-25,Jul,18.795,20.460000000000008,1.6650000000000063,21.180000000000007,2.385000000000005,21.585000000000008,2.7900000000000063,18.075000000000003,-0.7199999999999989,15.150000000000006,-3.644999999999996,14.204999999999998,-4.590000000000003,CDD
2025-07-08,Jul,18.695999999999998,18.14699999999999,-0.5490000000000066,16.65299999999999,-2.0430000000000064,17.629500000000007,-1.0664999999999907,18.115499999999997,-0.5805000000000007,18.156000000000006,-0.539999999999992,14.079000000000008,-4.61699999999999,CDD
2021-07-17,Jul,18.659999999999997,18.345,-0.3149999999999977,17.310000000000002,-1.3499999999999943,15.870000000000005,-2.789999999999992,16.275000000000006,-2.384999999999991,14.519999999999996,-4.140000000000001,12.765,-5.894999999999996,CDD
2020-07-18,Jul,18.614999999999995,18.210000000000008,-0.4049999999999869,15.735000000000014,-2.8799999999999812,17.129999999999995,-1.4849999999999994,16.815000000000012,-1.799999999999983,19.694999999999993,1.0799999999999983,18.254999999999995,-0.35999999999999943,CDD
2024-07-15,Jul,18.614999999999995,18.5655,-0.04949999999999477,17.795999999999992,-0.8190000000000026,18.75,0.13500000000000512,17.50800000000001,-1.106999999999985,15.501000000000005,-3.11399999999999,16.131,-2.4839999999999947,CDD
