GroupType,Model,Window,Month,Season,N,MAE,RMSE,Bias,Corr,MeanAbsRev,HitRate1,HitRate2
ModelWindow,GFS,11-15d,,,4791,2.8244164975996657,4.203499511249294,-0.4310365059486538,0.8630898370641314,2.4480103773584907,31.204341473596326,54.53976205385097
ModelWindow,GFS,6-10d,,,5327,1.9534581077529567,2.825965998373347,-0.565753249483762,0.9440683031855538,1.3254256997933496,39.2904073587385,65.9095175520931
ModelWindow,GFS,1-5d,,,5330,1.183661052532833,1.520541473059668,-0.7431024521575985,0.9887205776261432,0.30289825417683497,52.3827392120075,81.96998123827393
ModelWindow,ECE,1-5d,,,5158,0.9838620027142304,1.1954912562332147,-0.4079516343544009,0.9943180535468319,0.1656231069858329,55.93253198914307,93.44707250872432
ModelWindow,ECE,6-10d,,,5131,1.544612268563633,2.145791539057847,-0.25998265250438507,0.970033885133577,,43.851101149873315,75.19002143831611
ModelWindow,ECE,11-15d,,,3558,2.1348686818437326,3.0779083673859007,-0.159348664980326,0.9314504068797825,,37.35244519392917,64.36200112422709
ModelWindow,GEFS,1-5d,,,5102,0.8923845021560172,1.17724097030297,-0.5461656468051744,0.9924753719100393,0.23506844181459563,65.1313210505684,91.68953351626813
ModelWindow,GEFS,6-10d,,,5016,1.559541553030303,2.312003504113149,-0.37703524521531095,0.9636520851905775,0.5020819408093417,48.983253588516746,75.27910685805422
ModelWindow,GEFS,11-15d,,,4433,2.1958365824498083,3.2577856139405967,-0.22303424994360477,0.9230246949303279,0.6415774251343742,38.84502594180014,63.63636363636363
ModelWindowMonth,GFS,11-15d,6.0,,415,1.0701421445783132,1.4056439328336492,0.127087108433735,0.4291284476381434,1.1744550561797753,55.18072289156627,86.26506024096385
ModelWindowMonth,GFS,6-10d,6.0,,445,0.9165200224719102,1.1891060744809168,0.05259382022471917,0.5970278549717982,0.7344988764044943,63.370786516853926,90.56179775280899
ModelWindowMonth,GFS,1-5d,6.0,,445,0.5691079325842697,0.763745320754345,0.01256685393258431,0.829161885792542,0.24074606741573035,84.04494382022472,97.52808988764045
ModelWindowMonth,GFS,11-15d,7.0,,429,1.8046033566433564,2.2881370591248085,1.361199533799534,0.25176782550753385,1.4975967302452318,34.26573426573427,64.1025641025641
ModelWindowMonth,GFS,6-10d,7.0,,460,1.1861044347826086,1.5007591518562977,0.9285023913043476,0.6833858315588109,0.919658695652174,49.130434782608695,82.82608695652173
ModelWindowMonth,GFS,1-5d,7.0,,460,0.8219695217391305,1.0929894017595485,0.6605654347826085,0.8435169905472156,0.272292576419214,70.86956521739131,95.0
ModelWindowMonth,GFS,11-15d,8.0,,419,1.7400994033412889,2.2168815591197903,1.3707762529832934,0.404812541876639,1.5858985915492958,36.27684964200477,66.10978520286396
ModelWindowMonth,GFS,6-10d,8.0,,460,1.2156190869565215,1.5341456708206773,0.7755850869565217,0.6740347072076524,0.8498599562363238,47.82608695652174,80.8695652173913
ModelWindowMonth,GFS,1-5d,8.0,,460,0.827618152173913,0.9899560066636032,0.6398959347826086,0.8836547318612119,0.2635217391304348,66.52173913043478,97.17391304347827
ModelWindowMonth,GFS,11-15d,9.0,,420,1.3139922380952382,1.6951717668425226,0.7118676190476189,0.4099962316778813,1.1734122562674094,47.14285714285714,78.80952380952381
ModelWindowMonth,GFS,6-10d,9.0,,450,1.0310920444444445,1.3459672509157783,0.21589288888888886,0.7100429642306653,0.7154977777777779,61.111111111111114,87.55555555555556
ModelWindowMonth,GFS,1-5d,9.0,,450,0.5207549333333334,0.691621918909136,-0.0985226666666667,0.9107006120833406,0.22533333333333336,88.22222222222223,98.44444444444444
ModelWindowMonth,GFS,11-15d,10.0,,434,2.007211797235023,2.680212546385855,-1.0725576036866358,0.4528477201637144,1.4811805929919137,34.331797235023046,62.67281105990783
ModelWindowMonth,GFS,6-10d,10.0,,465,1.4552384516129033,1.8314361946978832,-1.0629092473118278,0.8013816007465404,0.7727720430107525,40.215053763440864,75.26881720430107
ModelWindowMonth,GFS,1-5d,10.0,,465,0.9754947096774195,1.114183046862646,-0.9358963440860215,0.969629799474564,0.19583836206896552,57.41935483870968,96.12903225806451
ModelWindowMonth,GFS,11-15d,11.0,,415,3.9225006987951807,5.010070685616712,-1.5547659036144579,0.5638407668398594,3.101230337078652,16.3855421686747,32.7710843373494
ModelWindowMonth,GFS,6-10d,11.0,,445,2.7214759325842697,3.41450685378865,-1.7242502247191014,0.83213532139173,1.7173896396396398,21.34831460674157,46.06741573033708
ModelWindowMonth,GFS,1-5d,11.0,,445,2.026405550561798,2.2332242383087424,-1.9898052808988764,0.981682691003266,0.32967415730337074,12.359550561797752,51.01123595505618
ModelWindowMonth,GFS,11-15d,12.0,,412,4.657468713592233,6.045525221435991,-2.0779486650485435,0.2400114278954986,4.208271505376343,16.50485436893204,31.79611650485437
ModelWindowMonth,GFS,6-10d,12.0,,465,3.472604989247312,4.511771014220851,-2.019543225806452,0.6654496828276569,2.167462365591398,18.70967741935484,38.064516129032256
ModelWindowMonth,GFS,1-5d,12.0,,465,2.1282361720430107,2.4011970869990877,-2.025988387096774,0.9656178913469838,0.4265032258064516,15.698924731182796,47.74193548387097
ModelWindowMonth,GFS,11-15d,1.0,,398,5.7798798994974865,7.414428569123394,-2.120496984924623,0.46114426758045196,4.587528610354224,10.301507537688442,24.87437185929648
ModelWindowMonth,GFS,6-10d,1.0,,460,3.4911730434782604,4.690379748346145,-1.6032391304347824,0.8194673809521691,2.2364521739130434,22.17391304347826,42.82608695652174
ModelWindowMonth,GFS,1-5d,1.0,,460,1.545225652173913,1.8887191746398335,-1.2546913043478258,0.9830152353385191,0.43125434782608696,35.0,68.91304347826087
ModelWindowMonth,GFS,11-15d,2.0,,335,4.92331552238806,6.807983952751752,-0.9159465671641793,0.3675404333259555,4.3008327974276535,17.313432835820898,32.537313432835816
ModelWindowMonth,GFS,6-10d,2.0,,390,3.040503333333333,4.036072167390546,-0.5133525641025642,0.786936431470668,2.2695,20.51282051282051,43.58974358974359
ModelWindowMonth,GFS,1-5d,2.0,,390,1.6254443589743595,1.9225601607405338,-1.3668910256410258,0.9759551969321208,0.40511794871794865,29.743589743589745,71.53846153846153
ModelWindowMonth,GFS,11-15d,3.0,,383,3.615119843342036,4.573779557002878,0.05968067885117488,0.40999542255225524,3.0042253521126763,19.06005221932115,34.9869451697128
ModelWindowMonth,GFS,6-10d,3.0,,445,2.2320105617977526,2.8353708698819773,-0.7086617977528088,0.755503954530004,1.6328426966292136,27.86516853932584,51.460674157303366
ModelWindowMonth,GFS,1-5d,3.0,,445,1.5652334831460675,1.7917382822966057,-1.3415898876404493,0.9555094581871738,0.3461101123595506,29.662921348314608,68.76404494382022
ModelWindowMonth,GFS,11-15d,4.0,,386,2.2742126943005183,3.006478341800424,-0.9509396373056993,0.5411217044209434,2.1249213483146066,30.82901554404145,55.69948186528497
ModelWindowMonth,GFS,6-10d,4.0,,447,1.6444398210290827,2.1220351002859585,-0.6172093959731544,0.7781235816801427,1.1871722595078305,40.939597315436245,66.66666666666666
ModelWindowMonth,GFS,1-5d,4.0,,450,1.0531693333333334,1.2447020960856459,-0.9366466666666666,0.9656032872505084,0.27699333333333337,53.11111111111111,92.22222222222223
ModelWindowMonth,GFS,11-15d,5.0,,345,1.1667608695652174,1.5436089322931092,-0.32838753623188394,0.40542167253982886,1.1568380952380952,55.94202898550724,80.0
ModelWindowMonth,GFS,6-10d,5.0,,395,1.0300924050632911,1.3331294738131654,-0.47753797468354425,0.6108940794491036,0.7445620253164557,58.734177215189874,84.81012658227847
ModelWindowMonth,GFS,1-5d,5.0,,395,0.512260253164557,0.6406757515963473,-0.3258774683544303,0.918381674467139,0.2231392405063291,87.59493670886076,100.0
ModelWindowMonth,ECE,1-5d,7.0,,435,0.9445396551724137,1.037095967849815,-0.8629216781609197,0.9064107604137694,0.15047428571428573,54.48275862068965,98.85057471264368
ModelWindowMonth,ECE,6-10d,7.0,,410,0.736862707317073,0.9076098938142488,-0.436907780487805,0.8099805630141581,,71.46341463414633,97.5609756097561
ModelWindowMonth,ECE,11-15d,7.0,,280,0.9163556071428571,1.1547190432007073,0.035194178571428515,0.5284517861692043,,61.78571428571429,90.71428571428571
ModelWindowMonth,ECE,11-15d,8.0,,337,0.9002357863501483,1.1756484664720577,-0.7274087833827894,0.6130928465423475,,64.39169139465875,89.31750741839762
ModelWindowMonth,ECE,6-10d,8.0,,460,0.8916516739130435,1.0753436494982913,-0.8084107608695652,0.824234781398565,,62.82608695652174,94.34782608695652
ModelWindowMonth,ECE,1-5d,8.0,,460,1.2294820217391305,1.3193959245802274,-1.225883152173913,0.9252134854672606,0.12483152173913044,28.47826086956522,95.21739130434783
ModelWindowMonth,ECE,11-15d,9.0,,330,1.0727771515151514,1.2257832625980234,-0.8370483636363636,0.6475873080728798,,47.57575757575758,93.93939393939394
ModelWindowMonth,ECE,6-10d,9.0,,450,1.1737433333333336,1.3294761293598987,-1.1474804444444442,0.8163632005648419,,38.666666666666664,89.77777777777777
ModelWindowMonth,ECE,1-5d,9.0,,450,1.4316915555555554,1.5007356038823094,-1.4316915555555554,0.9169359348469888,0.09836666666666669,18.22222222222222,88.88888888888889
ModelWindowMonth,ECE,11-15d,10.0,,341,1.5425086803519061,2.0573015534054737,-1.087637653958944,0.7161898792038173,,44.57478005865102,74.48680351906158
ModelWindowMonth,ECE,6-10d,10.0,,465,1.2131508387096774,1.5176601299659198,-0.9518167741935483,0.8818901648340338,,47.31182795698925,86.45161290322581
ModelWindowMonth,ECE,1-5d,10.0,,465,0.7489366881720431,0.866519436300203,-0.7254382795698924,0.9816364281989108,0.0921401098901099,72.90322580645162,99.13978494623656
ModelWindowMonth,ECE,11-15d,11.0,,325,2.606719446153846,3.392811381086964,-0.5317451692307693,0.7785577352468375,,21.53846153846154,47.07692307692308
ModelWindowMonth,ECE,6-10d,11.0,,445,1.7803728314606744,2.3461198179425313,-0.4259446067415731,0.8984264726310249,,36.853932584269664,64.9438202247191
ModelWindowMonth,ECE,1-5d,11.0,,445,0.6809000674157303,0.9023262022870152,-0.2518075280898876,0.9879563705820986,0.1765887323943662,77.97752808988764,96.17977528089887
ModelWindowMonth,ECE,11-15d,12.0,,318,3.3191682389937105,4.141014140482966,0.6966915723270439,0.5298731254120143,,17.92452830188679,38.67924528301887
ModelWindowMonth,ECE,6-10d,12.0,,465,2.398755741935484,3.103612819105176,0.47050838709677406,0.7830823531394906,,28.817204301075268,50.967741935483865
ModelWindowMonth,ECE,1-5d,12.0,,465,0.832157935483871,1.0737950257686946,0.3243298924731183,0.9783102811512143,0.27179403794037943,67.52688172043011,93.54838709677419
ModelWindowMonth,ECE,11-15d,1.0,,306,4.582007843137255,5.771817285952345,0.020760130718954443,0.6572750239487766,,14.705882352941178,28.104575163398692
ModelWindowMonth,ECE,6-10d,1.0,,460,2.5043860869565213,3.451387447005599,0.3654934782608698,0.894327922139271,,29.782608695652176,53.69565217391305
ModelWindowMonth,ECE,1-5d,1.0,,460,1.212693043478261,1.6286145033899746,0.8234217391304348,0.9845923794817225,0.2675706371191136,54.565217391304344,82.17391304347827
ModelWindowMonth,ECE,11-15d,2.0,,257,4.044704280155642,4.852875573487432,1.6188116731517506,0.6568537992982213,,14.007782101167315,28.793774319066145
ModelWindowMonth,ECE,6-10d,2.0,,389,2.6180131105398456,3.222873165850923,1.3864136246786634,0.8834479405869268,,23.65038560411311,42.41645244215938
ModelWindowMonth,ECE,1-5d,2.0,,388,1.2395925257731957,1.5289664933909999,0.7663368556701028,0.9773833465861084,0.23227722772277226,47.93814432989691,82.9896907216495
ModelWindowMonth,ECE,11-15d,3.0,,288,2.697097569444445,3.351801132719334,1.493912847222222,0.665430445627598,,20.13888888888889,44.79166666666667
ModelWindowMonth,ECE,6-10d,3.0,,442,1.6715042986425341,2.2278335337385005,0.6015830316742082,0.8466514899681813,,41.8552036199095,67.64705882352942
ModelWindowMonth,ECE,1-5d,3.0,,445,0.8679202247191012,1.1139222982906902,-0.08499887640449429,0.9626119320066,0.21836516853932583,65.1685393258427,91.46067415730337
ModelWindowMonth,ECE,11-15d,4.0,,299,1.6140792642140467,2.061017188446092,-0.37512408026755845,0.7661420539041408,,40.468227424749166,69.56521739130434
ModelWindowMonth,ECE,6-10d,4.0,,450,1.196604888888889,1.5191447460843077,-0.39014444444444446,0.8851266018788145,,50.0,82.44444444444444
ModelWindowMonth,ECE,1-5d,4.0,,450,0.7179391111111111,0.8862852229640549,-0.47433111111111115,0.9739763326893393,0.127,74.44444444444444,98.22222222222223
ModelWindowMonth,ECE,11-15d,5.0,,267,1.194494382022472,1.4770610592436868,-1.0089026217228465,0.6251167716674998,,47.19101123595505,81.64794007490637
ModelWindowMonth,ECE,6-10d,5.0,,395,1.1179744303797468,1.3169586420368116,-0.9804569620253164,0.7923396987749541,,47.08860759493671,88.35443037974684
ModelWindowMonth,ECE,1-5d,5.0,,395,0.9551154430379746,1.0537774066349008,-0.936966075949367,0.9467819480119781,0.09413141025641025,56.20253164556962,98.73417721518987
ModelWindowMonth,ECE,11-15d,6.0,,210,1.1110728571428572,1.3795803528437118,-0.9733119047619048,0.650993464341351,,55.714285714285715,85.71428571428571
ModelWindowMonth,ECE,6-10d,6.0,,300,1.079478,1.3207665093926835,-0.8791533333333332,0.7486231881000356,,50.33333333333333,87.0
ModelWindowMonth,ECE,1-5d,6.0,,300,0.968282,1.1115166771878264,-0.9228133333333333,0.9210905253264889,0.11763749999999999,50.33333333333333,96.33333333333334
ModelWindowMonth,GEFS,1-5d,7.0,,435,0.54135,0.7944465994086412,0.3514783218390804,0.8678074049298679,0.15220232558139535,85.74712643678161,98.62068965517241
ModelWindowMonth,GEFS,6-10d,7.0,,410,0.8193082682926829,1.0224902173940762,0.6978800243902439,0.8152930699647133,0.2667652811735941,65.3658536585366,96.34146341463415
ModelWindowMonth,GEFS,11-15d,7.0,,350,1.3804935714285713,1.6423669261509657,1.1524518,0.48727035799625185,0.3530032786885246,37.142857142857146,79.14285714285715
ModelWindowMonth,GEFS,11-15d,8.0,,427,1.0035988290398126,1.200437334389145,0.7173989695550351,0.5750931726488455,0.34142699724517905,51.288056206088996,92.27166276346604
ModelWindowMonth,GEFS,6-10d,8.0,,461,0.8222566377440346,0.99367476136258,0.5409834056399133,0.775781987774365,0.26612253829321664,62.68980477223427,96.96312364425162
ModelWindowMonth,GEFS,1-5d,8.0,,465,0.5213109462365592,0.6493721925581214,0.20802376344086024,0.8927600993686964,0.15566666666666665,86.45161290322581,99.78494623655914
ModelWindowMonth,GEFS,11-15d,9.0,,420,0.7730675238095238,1.0233375147991195,0.4156152380952381,0.6502231687354437,0.23717777777777777,70.95238095238095,92.38095238095238
ModelWindowMonth,GEFS,6-10d,9.0,,450,0.6683657777777778,0.8429617548751677,-0.02288044444444441,0.7944591869346741,0.2207111111111111,76.66666666666667,98.22222222222223
ModelWindowMonth,GEFS,1-5d,9.0,,450,0.49221204444444444,0.5969809755427723,-0.3055515555555556,0.925457952115041,0.13235555555555556,92.0,100.0
ModelWindowMonth,GEFS,11-15d,10.0,,431,1.4564295127610207,2.084690915087254,-0.8045800928074246,0.6381694110042634,0.40556712328767125,51.508120649651964,74.24593967517401
ModelWindowMonth,GEFS,6-10d,10.0,,465,1.2163626666666665,1.5531270942815332,-0.8458705376344086,0.8511343695048543,0.32269999999999993,50.752688172043015,82.79569892473118
ModelWindowMonth,GEFS,1-5d,10.0,,465,0.6957703655913979,0.821057126181707,-0.6057608602150537,0.9754330941210626,0.16171956521739128,78.27956989247312,98.9247311827957
ModelWindowMonth,GEFS,11-15d,11.0,,415,2.6624864337349394,3.5278816868235965,-0.852291204819277,0.7638855742320694,0.8452556179775281,23.132530120481928,47.46987951807229
ModelWindowMonth,GEFS,6-10d,11.0,,445,2.0319443820224716,2.7244718314835246,-1.0014637078651685,0.8749879802967248,0.6547168539325844,35.056179775280896,61.348314606741575
ModelWindowMonth,GEFS,1-5d,11.0,,445,1.2908326516853932,1.5100888101746224,-1.1987311235955056,0.9848076132463375,0.2784561797752809,39.550561797752806,83.82022471910112
ModelWindowMonth,GEFS,11-15d,12.0,,412,3.3542678883495154,4.191696108356951,-0.5991889563106797,0.5147147784396569,1.1999220430107527,16.74757281553398,36.16504854368932
ModelWindowMonth,GEFS,6-10d,12.0,,465,2.679091698924731,3.518842664889596,-1.1204399999999999,0.7415988924937343,0.7780344086021506,25.806451612903224,48.60215053763441
ModelWindowMonth,GEFS,1-5d,12.0,,465,1.390013376344086,1.6907078357545164,-1.1879023655913978,0.9697483136640073,0.3561483870967742,37.41935483870968,76.55913978494624
ModelWindowMonth,GEFS,11-15d,1.0,,395,4.748986835443038,6.010392573677822,-1.6389620253164556,0.6598632450706747,1.1538739726027396,14.936708860759493,26.83544303797468
ModelWindowMonth,GEFS,6-10d,1.0,,460,2.7083391304347826,3.7573344002676663,-0.8764760869565216,0.8770196406987273,0.9977608695652175,28.26086956521739,52.391304347826086
ModelWindowMonth,GEFS,1-5d,1.0,,460,1.1785282608695653,1.5005257682182458,-0.5034260869565217,0.9841815901712121,0.366354347826087,49.130434782608695,83.69565217391305
ModelWindowMonth,GEFS,11-15d,2.0,,333,4.3660696696696695,5.461669555366016,0.27645105105105094,0.46344351158484687,1.1859064516129034,15.915915915915916,30.630630630630627
ModelWindowMonth,GEFS,6-10d,2.0,,388,2.662624484536082,3.4822652052013026,0.04308324742268039,0.8287153036600776,0.8309123711340206,26.288659793814436,45.876288659793815
ModelWindowMonth,GEFS,1-5d,2.0,,381,1.2410942257217847,1.6339098810831987,-0.7614685039370079,0.972507221149846,0.3648451443569553,48.29396325459317,83.2020997375328
ModelWindowMonth,GEFS,11-15d,3.0,,315,2.7253399999999997,3.304291195309037,0.8333882539682542,0.6350597376302801,0.7576035087719298,20.952380952380953,41.58730158730159
ModelWindowMonth,GEFS,6-10d,3.0,,389,1.8023128534704373,2.341130218807549,0.040453727506426826,0.8087667918420192,0.6405306666666667,37.275064267352185,62.724935732647815
ModelWindowMonth,GEFS,1-5d,3.0,,419,1.1758054892601433,1.3972021110309032,-0.8143076372315035,0.9598479924034696,0.3310340632603406,44.630071599045344,86.15751789976133
ModelWindowMonth,GEFS,11-15d,4.0,,366,1.9336147540983608,2.5424968539078168,-0.8430562841530055,0.6482292885579802,0.508608024691358,31.147540983606557,66.12021857923497
ModelWindowMonth,GEFS,6-10d,4.0,,433,1.358717090069284,1.7891055005315737,-0.7229161662817551,0.8566619758622633,0.46052606635071086,48.49884526558891,78.75288683602771
ModelWindowMonth,GEFS,1-5d,4.0,,445,0.9743267415730337,1.1548625433649737,-0.8318557303370786,0.9673725739387071,0.2232068181818182,56.17977528089888,93.48314606741573
ModelWindowMonth,GEFS,11-15d,5.0,,308,1.0200396103896103,1.34992396243294,-0.7618487012987011,0.5646927200726156,0.24019629629629627,63.31168831168831,86.68831168831169
ModelWindowMonth,GEFS,6-10d,5.0,,354,0.9456686440677966,1.1929073036548121,-0.7910499999999998,0.7380698660458881,0.2467264705882353,62.994350282485875,89.26553672316385
ModelWindowMonth,GEFS,1-5d,5.0,,372,0.6274857526881721,0.7542849545505268,-0.5659626344086021,0.9292288560439363,0.13392561983471074,80.3763440860215,99.19354838709677
ModelWindowMonth,GEFS,11-15d,6.0,,261,0.6629352490421455,0.8812214010467716,-0.3432701149425286,0.6881767572610369,0.2585646551724138,77.01149425287356,95.01915708812261
ModelWindowMonth,GEFS,6-10d,6.0,,296,0.6357851351351351,0.8329016274527943,-0.3130756756756757,0.7530236788440053,0.21090202702702704,78.71621621621621,97.2972972972973
ModelWindowMonth,GEFS,1-5d,6.0,,300,0.4486699999999999,0.5956137448044663,-0.29189999999999994,0.9010843969559099,0.13360666666666668,91.33333333333333,99.33333333333333
ModelWindowSeason,GFS,11-15d,,JJA,1263,1.541872905779889,2.014443838869936,0.9588685669041963,0.5249004576126491,1.419961038961039,41.80522565320665,72.05067300079176
ModelWindowSeason,GFS,6-10d,,JJA,1365,1.108164271062271,1.4188483556329823,0.5914172087912088,0.7312269619617078,0.8357422907488986,53.333333333333336,84.68864468864469
ModelWindowSeason,GFS,1-5d,,JJA,1365,0.7414383589743591,0.9607328520697904,0.4423476043956044,0.8837705177955301,0.25903301540719004,73.69963369963371,96.55677655677655
ModelWindowSeason,GFS,11-15d,,SON,1269,2.404132742316785,3.408306563976849,-0.6396638691883372,0.7557259044610911,1.9105073664825043,32.702915681639084,58.234830575256105
ModelWindowSeason,GFS,6-10d,,SON,1360,1.7292162426470588,2.3582002790663483,-0.8561708455882353,0.8995318679423134,1.0624238410596025,40.955882352941174,69.77941176470588
ModelWindowSeason,GFS,1-5d,,SON,1360,1.1688935514705883,1.4881518500249633,-1.003669375,0.9808551627576304,0.24942899190581308,52.86764705882353,82.13235294117646
ModelWindowSeason,GFS,11-15d,,DJF,1145,5.125397388646288,6.76907169701896,-1.7527639737991265,0.5261957815348991,4.368246666666666,14.585152838427948,29.60698689956332
ModelWindowSeason,GFS,6-10d,,DJF,1315,3.3509484562737644,4.441292018935918,-1.4272130038022814,0.8218019164972559,2.2218577946768057,20.456273764258555,41.368821292775664
ModelWindowSeason,GFS,1-5d,,DJF,1315,1.7751763650190115,2.0935433737525644,-1.5607073003802283,0.9812589785558231,0.42182281368821284,26.61596958174905,62.20532319391635
ModelWindowSeason,GFS,11-15d,,MAM,1114,2.3922526929982046,3.32597825790753,-0.41068105924596043,0.7359367478499268,2.1319454191033143,34.56014362657092,56.104129263913826
ModelWindowSeason,GFS,6-10d,,MAM,1287,1.6590487956487954,2.211147182864371,-0.60596317016317,0.8798303176772574,1.2054257964257962,41.88034188034188,66.97746697746697
ModelWindowSeason,GFS,1-5d,,MAM,1290,1.0641844186046512,1.3317548110838426,-0.8893179069767442,0.9761128694976273,0.28434573643410854,55.58139534883721,86.51162790697674
ModelWindowSeason,ECE,1-5d,,JJA,1195,1.0601850041841006,1.1712324003252794,-1.0176746276150628,0.9151875875523129,0.13239770354906055,43.43096234309623,96.82008368200837
ModelWindowSeason,ECE,6-10d,,JJA,1170,0.885569982905983,1.091143256911414,-0.6963650769230769,0.821736362889873,,62.64957264957265,93.58974358974359
ModelWindowSeason,ECE,11-15d,,JJA,827,0.9592313542926241,1.2239105307437375,-0.531654038694075,0.6398479325887527,,61.305925030229744,88.87545344619106
ModelWindowSeason,ECE,11-15d,,SON,996,1.734132269076305,2.3881082245694447,-0.8232204618473896,0.8952732433969975,,38.05220883534137,71.98795180722891
ModelWindowSeason,ECE,6-10d,,SON,1360,1.385709963235294,1.7814016199653218,-0.8444899632352942,0.9507119541654815,,41.029411764705884,80.51470588235294
ModelWindowSeason,ECE,1-5d,,SON,1360,0.9525862426470587,1.1262107908682168,-0.8041502573529412,0.9891310300842724,0.12200185356811862,56.470588235294116,94.77941176470588
ModelWindowSeason,ECE,11-15d,,DJF,881,3.9694425652667427,4.962922940653309,0.7309138706015891,0.7255266626420124,,15.664018161180476,32.122587968217935
ModelWindowSeason,ECE,6-10d,,DJF,1314,2.5006439269406395,3.2640208067526166,0.7048921613394216,0.8962071355652378,,27.62557077625571,49.39117199391172
ModelWindowSeason,ECE,1-5d,,DJF,1313,1.085875201827875,1.4242223388621913,0.62979900990099,0.9847536213759057,0.2587270087124879,57.1972581873572,86.44325971058645
ModelWindowSeason,ECE,11-15d,,MAM,854,1.848130913348946,2.440908804430364,0.05703489461358318,0.8622634531247919,,35.714285714285715,64.98829039812647
ModelWindowSeason,ECE,6-10d,,MAM,1287,1.3355687645687646,1.7446429368881982,-0.2307271173271172,0.9292403207081568,,46.30924630924631,79.17637917637917
ModelWindowSeason,ECE,1-5d,,MAM,1290,0.842300542635659,1.0208175599211697,-0.48168612403100775,0.9828430705545156,0.14874902343750002,65.65891472868218,96.04651162790697
ModelWindowSeason,GEFS,1-5d,,JJA,1200,0.5104148666666667,0.6934564047089284,0.1350451,0.8989784492256915,0.1488820083682008,87.41666666666667,99.25
ModelWindowSeason,GEFS,6-10d,,JJA,1167,0.7739238217652099,0.9660822791509324,0.3794805141388175,0.8064924044066053,0.2522822719449226,67.6949443016281,96.82947729220223
ModelWindowSeason,GEFS,11-15d,,JJA,1038,1.0450246146435451,1.3029118515872264,0.5973930539499035,0.6260077035461871,0.32399,52.98651252408478,88.53564547206165
ModelWindowSeason,GEFS,11-15d,,SON,1266,1.625072156398104,2.4303894337873437,-0.4154158530805687,0.8825249972140813,0.4942895467160037,48.657187993680886,71.48499210110585
ModelWindowSeason,GEFS,6-10d,,SON,1360,1.3019033014705883,1.8677920466258024,-0.6244686397058824,0.9374231091882751,0.39786789667896677,54.19117647058823,80.88235294117648
ModelWindowSeason,GEFS,1-5d,,SON,1360,0.8231243897058824,1.0462152966682912,-0.7004502573529412,0.9893153489779338,0.19030553505535058,70.1470588235294,94.33823529411765
ModelWindowSeason,GEFS,11-15d,,DJF,1140,4.133078394736843,5.2517005261874585,-0.7036821491228069,0.6854584204241976,1.1797191977077364,15.87719298245614,31.31578947368421
ModelWindowSeason,GEFS,6-10d,,DJF,1313,2.684472155369383,3.5936794740251536,-0.691140365575019,0.8704274845928355,0.8706397562833207,26.808834729626806,49.12414318354912
ModelWindowSeason,GEFS,1-5d,,DJF,1306,1.272079724349158,1.6092349197161502,-0.8224120214395099,0.9821274915279264,0.3622802450229709,44.716692189892804,81.01071975497703
ModelWindowSeason,GEFS,11-15d,,MAM,989,1.9012712841253794,2.537180388612118,-0.28381263902932247,0.8410599025574533,0.5068930602957907,37.917087967644086,64.71183013144591
ModelWindowSeason,GEFS,6-10d,,MAM,1176,1.3811147108843538,1.8492983095475912,-0.49091658163265306,0.9194923843013608,0.4559613016710643,49.14965986394558,76.6156462585034
ModelWindowSeason,GEFS,1-5d,,MAM,1236,0.938238349514563,1.1459470110365313,-0.7458809061488674,0.9802443951240642,0.2330156507413509,59.54692556634305,92.71844660194175
